,,,,,,,,,,,,,,
,,Tổng chi phí mua 1 lần,,Tổng chi phí hàng tháng,,Số giường,5,,,,,Chưa mua,Đang đặt hàng,Đã nhận
,,"199,125",,"1,881",,,,,,,,39,0,0
,,,,,,,,,,,,,,
,,,,,,,,,,,,,,
,,,,,,,,,,,,,,
,Khu vực,Phân loại,Tần suất,Tên vật dụng,SL/giường,Tổng SL,Đơn vị,Đơn giá,Thành tiền,Nhà cung cấp,Trạng thái,,,
,Phòng trị liệu chung,Theo giường,Mua 1 lần,"Giường trị liệu (2 giường 7, 3 giường 8 tấc) + ghế xoay",1,5,Cái,"6,000","30,000",,Chưa mua,,,
,Khu vực thay đồ,Theo giường,Mua 1 lần,Áo quây+quần (khách nữ),6,30,Cái,160,"4,800",,Chưa mua,,,
,Phòng trị liệu chung,Theo giường,Mua 1 lần,khăn trải mặt có lổ,10,50,Cái,73,"3,650",,Chưa mua,,,
,Phòng trị liệu chung,Theo giường,Mua 1 lần,khăn lớn dùng phủ hoặc đắp,4,20,Cái,110,"2,200",,Chưa mua,,,
,Phòng trị liệu chung,Theo giường,Mua 1 lần,Drap giường,2,10,Cái,200,"2,000",,Chưa mua,,,
,Phòng trị liệu chung,Theo giường,Mua 1 lần,khăn nhỏ,10,50,Cái,37,"1,850",,Chưa mua,,,
,Phòng trị liệu chung,Theo giường,Mua 1 lần,Giỏ đựng đồ cho khách,1,5,Cái,150,750,,Chưa mua,,,
,Khu vực thay đồ,Theo giường,Mua 1 lần,Quần (khách nam),2,10,Cái,55,550,,Chưa mua,,,
,Phòng trị liệu chung,Theo giường,Mua 1 lần,"Khay đựng dầu, dụng cụ massage",1,5,Cái,100,500,,Chưa mua,,,
,Phòng trị liệu chung,Theo giường,Mua 1 lần,Khăn trùm vòm xông,0.4,2,Cái,200,400,,Chưa mua,,,
,Khu vực thay đồ,Theo giường,Mua 1 lần,Băng đô quấn tóc,2,10,Cái,25,250,,Chưa mua,,,
,Khu vực thay đồ,Theo giường,Mua 1 lần,Hộp đựng trang sức,1,5,Hộp,40,200,,Chưa mua,,,
,Khu vực thay đồ,Theo giường,Mua 1 lần,kẹp tóc,2,10,Cái,15,150,,Chưa mua,,,
,Phòng trị liệu chung,Theo giường,Mua 1 lần,Chai có vòi đựng dầu massgae,1,5,Chai,25,125,,Chưa mua,,,
,Phòng trị liệu chung,Theo giường,Mua 1 lần,Huyền trâm,,3,Cái,,0,,Chưa mua,,,
,Phòng trị liệu chung,Dùng chung,Mua 1 lần,Máy Bio Max,,1,Máy,"40,000","40,000",DLC,Chưa mua,,,
,Phòng trị liệu chung,Dùng chung,Mua 1 lần,Vòm xông hơi,,1,Máy,"28,000","28,000",DLC,Chưa mua,,,
,Phòng trị liệu chung,Dùng chung,Mua 1 lần,Máy DDS,,1,Máy,"20,000","20,000",DLC,Chưa mua,,,
,Khu vực giặt sấy,Dùng chung,Mua 1 lần,Máy giặt,,1,Máy,"20,000","20,000",DMX,Chưa mua,,,
,Khu vực giặt sấy,Dùng chung,Mua 1 lần,Máy sấy,,1,Máy,"20,000","20,000",DMX,Chưa mua,,,
,Phòng trị liệu chung,Dùng chung,Mua 1 lần,Xe đẩy spa (để máy BioMax),2,2,Cái,700,"1,400",Shopee,Chưa mua,,,
,Khu vực thay đồ,Dùng chung,Mua 1 lần,Dép đi trong nhà,20,20,Đôi,35,700,,Chưa mua,,,
,Phòng trị liệu chung,Dùng chung,Thường xuyên,Kem dưỡng mặt,,1,Lọ,620,620,,Chưa mua,,,
,Phòng trị liệu chung,Dùng chung,Thường xuyên,Dầu massage,,3,Lít,145,435,Tinh dầu Acena - 0905321093,Chưa mua,,,
,Vật tư & Vệ sinh,Dùng chung,Thường xuyên,Găng tay,,2,Hộp,136,272,Siêu thị,Chưa mua,,,
,Vật tư & Vệ sinh,Dùng chung,Mua 1 lần,Thùng rác không nắp,,3,Thùng,90,270,,Chưa mua,,,
,Phòng trị liệu chung,Dùng chung,Thường xuyên,Body lottion,,1,Chai,230,230,Siêu thị,Chưa mua,,,
,Khu vực giặt sấy,Dùng chung,Mua 1 lần,Giỏ đựng khăn bẩn,,1,Cái,120,120,,Chưa mua,,,
,Khu vực giặt sấy,Dùng chung,Mua 1 lần,Giỏ đựng khăn sạch,,1,Cái,120,120,,Chưa mua,,,
,Vật tư & Vệ sinh,Dùng chung,Mua 1 lần,Bình xịt cồn,,3,Cái,30,90,Siêu thị,Chưa mua,,,
,Vật tư & Vệ sinh,Dùng chung,Thường xuyên,Khăn giấy khô (treo tường),,2,Túi,45,90,Siêu thị,Chưa mua,,,
,Vật tư & Vệ sinh,Dùng chung,Thường xuyên,Khăn giấy khô (hộp),,2,Hộp,35,70,Siêu thị,Chưa mua,,,
,Vật tư & Vệ sinh,Dùng chung,Thường xuyên,Khẩu trang y tế,,2,Hộp,32,64,Siêu thị,Chưa mua,,,
,Vật tư & Vệ sinh,Dùng chung,Thường xuyên,Túi rác,,2,Túi,25,50,Siêu thị,Chưa mua,,,
,Vật tư & Vệ sinh,Dùng chung,Thường xuyên,Khăn giấy ướt,,2,Hộp,25,50,Siêu thị,Chưa mua,,,
,Khu vực thay đồ,Dùng chung,Mua 1 lần,Lược,,3,Cái,,0,Siêu thị,Chưa mua,,,
,Khu vực giặt sấy,Dùng chung,Mua 1 lần,Rổ đựng đồ dơ (rổ mây có nắp),,1,Cái,,0,,Chưa mua,,,
,Phòng trị liệu chung,Dùng chung,Mua 1 lần,Máy lạnh,,1,Cái,,"11,000",DMX,Chưa mua,,,
,Phòng trị liệu chung,Theo giường,Mua 1 lần,Rèm,1,5,Bộ,"2,000","10,000",,Chưa mua,,,